id,value
Fog Computing Research,
Fog Computing Research.Conferences,
Fog Computing Research.Conferences.General,
Fog Computing Research.Conferences.General.ACM SIGCOMM,
Fog Computing Research.Conferences.General.USENIX NSDI,
Fog Computing Research.Conferences.General.ACM CoNEXT,
Fog Computing Research.Conferences.General.IEEE INFOCOM,
Fog Computing Research.Conferences.General.ACM SIGMETRICS,
Fog Computing Research.Conferences.General.ACM HotNets,
Fog Computing Research.Conferences.General.USENIX ATC,
Fog Computing Research.Conferences.General.ACM IMC,
Fog Computing Research.Conferences.General.ACM/IEEE ANCS,
Fog Computing Research.Conferences.General.IEEE ICNP,
Fog Computing Research.Conferences.General.IEEE ICC,
Fog Computing Research.Conferences.General.IEEE GLOBECOM,
Fog Computing Research.Conferences.General.ACM/IRTF ANRW	,
Fog Computing Research.Conferences.General.IEEE/OSA OFC,
Fog Computing Research.Conferences.Fog/Edge Computing,
Fog Computing Research.Conferences.Fog/Edge Computing.IEEE/ACM SEC,
Fog Computing Research.Conferences.Fog/Edge Computing.USENIX HotEdge,
Fog Computing Research.Conferences.Fog/Edge Computing.IEEE EDGE,
Fog Computing Research.Conferences.Fog/Edge Computing.IEEE FMEC,
Fog Computing Research.Conferences.Fog/Edge Computing.ACM MECOMM,
Fog Computing Research.Conferences.Fog/Edge Computing.ACM EdgeSys,
Fog Computing Research.Conferences.Fog/Edge Computing.Fog World Congress,
Fog Computing Research.Conferences.Fog/Edge Computing.IEEE ICFEC,
Fog Computing Research.Conferences.Fog/Edge Computing.IEEE ICFC,
Fog Computing Research.Conferences.Fog/Edge Computing.IEEE SmartEdge,
Fog Computing Research.Conferences.Fog/Edge Computing.ACM/IFIP/USENIX MECC,
Fog Computing Research.Conferences.Fog/Edge Computing.ACM TOPIC,
Fog Computing Research.Conferences.Fog/Edge Computing.ACM CitiFog,
Fog Computing Research.Conferences.Internet of Things,
Fog Computing Research.Conferences.Internet of Things.ACM/IEEE IoTDI,
Fog Computing Research.Conferences.Internet of Things.IEEE WF-IoT,
Fog Computing Research.Conferences.Cloud Computing,
Fog Computing Research.Conferences.Cloud Computing.ACM SOCC,
Fog Computing Research.Conferences.Cloud Computing.USENIX HotCloud,
Fog Computing Research.Conferences.Cloud Computing.IEEE/ACM UCC,
Fog Computing Research.Conferences.Cloud Computing.IEEE IC2E,
Fog Computing Research.Conferences.Cloud Computing.IEEE Cloud,
Fog Computing Research.Conferences.Cloud Computing.IEEE CloudCom,
Fog Computing Research.Conferences.Cloud Computing.IEEE FiCloud,
Fog Computing Research.Conferences.Mobile Computing,
Fog Computing Research.Conferences.Mobile Computing.ACM MobiHoc,
Fog Computing Research.Conferences.Mobile Computing.ACM MobiCom,
Fog Computing Research.Conferences.Mobile Computing.ACM MobiSys,
Fog Computing Research.Conferences.Mobile Computing.ACM HotMobile,
Fog Computing Research.Conferences.Mobile Computing.ACM MobiArch,
Fog Computing Research.Conferences.Distributed Computing,
Fog Computing Research.Conferences.Distributed Computing.ACM PODC,
Fog Computing Research.Conferences.Distributed Computing.IEEE ICDCS,
Fog Computing Research.Conferences.Distributed Computing.IEEE PerCom,
Fog Computing Research.Conferences.Distributed Computing.ACM DEBS,
Fog Computing Research.Conferences.Systems,
Fog Computing Research.Conferences.Systems.ACM SOSP,
Fog Computing Research.Conferences.Systems.USENIX OSDI,
Fog Computing Research.Conferences.Systems.SysML,
Fog Computing Research.Conferences.Systems.ACM SenSys,
Fog Computing Research.Conferences.Systems.ACM EuroSys,
Fog Computing Research.Journals/Mag,
Fog Computing Research.Journals/Mag.Magazine,
Fog Computing Research.Journals/Mag.Magazine.IEEE Computer,
Fog Computing Research.Journals/Mag.Magazine.IEEE Pervasive Computing,
Fog Computing Research.Journals/Mag.Magazine.IEEE Internet Computing,
Fog Computing Research.Journals/Mag.Magazine.IEEE Cloud Computing,
Fog Computing Research.Journals/Mag.Magazine.IEEE Wireless Communications,
Fog Computing Research.Journals/Mag.Magazine.IEEE Network,
Fog Computing Research.Journals/Mag.Magazine.IEEE Communication,
Fog Computing Research.Journals/Mag.Journal (ACM & IEEE),
Fog Computing Research.Journals/Mag.Journal (ACM & IEEE).IEEE ACCESS,
Fog Computing Research.Journals/Mag.Journal (ACM & IEEE).IEEE TWC,
Fog Computing Research.Journals/Mag.Journal (ACM & IEEE).IEEE TMC,
Fog Computing Research.Journals/Mag.Journal (ACM & IEEE).ACM POMACS,
Fog Computing Research.Journals/Mag.Journal (ACM & IEEE).ACM TOMPECS,
Fog Computing Research.Journals/Mag.Journal (ACM & IEEE).IEEE TETC,
Fog Computing Research.Journals/Mag.Journal (ACM & IEEE).IEEE TSC,
Fog Computing Research.Journals/Mag.Journal (ACM & IEEE).ACM TOCS,
Fog Computing Research.Journals/Mag.Journal (ACM & IEEE).ACM TIOT,
Fog Computing Research.Journals/Mag.Journal (ACM & IEEE).ACM TOIT,
Fog Computing Research.Journals/Mag.Journal (ACM & IEEE).IEEE TNSM,
Fog Computing Research.Journals/Mag.Journal (ACM & IEEE).ACM CCR,
Fog Computing Research.Journals/Mag.Journal (ACM & IEEE).IEEE TCC,
Fog Computing Research.Journals/Mag.Journal (ACM & IEEE).IEEE IoTJ,
Fog Computing Research.Journals/Mag.Journal (ACM & IEEE).IEEE JSAC,
Fog Computing Research.Journals/Mag.Journal (ACM & IEEE).IEEE/ACM TON,
Fog Computing Research.Journals/Mag.Journal (ACM & IEEE).IEEE Comm Sur Tut,
Fog Computing Research.Journals/Mag.Journal (ACM & IEEE).PIEEE,
Fog Computing Research.Journals/Mag.Journal (ACM & IEEE).ACM CSUR,
Fog Computing Research.Journals/Mag.Journal (Elsevier & Springer),
Fog Computing Research.Journals/Mag.Journal (Elsevier & Springer).Elsevier Dig ComNet,
Fog Computing Research.Journals/Mag.Journal (Elsevier & Springer).Elsevier Adhoc Net,
Fog Computing Research.Journals/Mag.Journal (Elsevier & Springer).Elsevier PerMob Comp,
Fog Computing Research.Journals/Mag.Journal (Elsevier & Springer).Springer CCF TON,
Fog Computing Research.Journals/Mag.Journal (Elsevier & Springer).Springer JCIN,
Fog Computing Research.Journals/Mag.Journal (Elsevier & Springer).Elsevier Comp Net,
Fog Computing Research.Journals/Mag.Journal (Elsevier & Springer).Springer JISA,
Fog Computing Research.Journals/Mag.Journal (Elsevier & Springer).Elsevier Comp Comm,
Fog Computing Research.Journals/Mag.Journal (Elsevier & Springer).Elsevier JNCA,
Fog Computing Research.Journals/Mag.Journal (Elsevier & Springer).Elsevier FGCS,
Fog Computing Research.Developed by,
Fog Computing Research.Developed by.ANRL,
Fog Computing Research.Developed by.UT Dallas,